Title,URL handle,Description,Vendor,Product category,Type,Tags,Published on online store,Status,SKU,Barcode,Option1 name,Option1 value,Option2 name,Option2 value,Option3 name,Option3 value,Price,Compare-at price,Cost per item,Charge tax,Tax code,Unit price total measure,Unit price total measure unit,Unit price base measure,Unit price base measure unit,Inventory tracker,Inventory quantity,Inventory policy,Weight value (grams),Weight unit for display,Requires shipping,Fulfillment service,Product image URL,Image position,Image alt text,Variant image URL,Gift card,SEO title,SEO description,Google Shopping / Google product category,Google Shopping / Gender,Google Shopping / Age group,Google Shopping / MPN,Google Shopping / AdWords Grouping,Google Shopping / AdWords labels,Google Shopping / Condition,Google Shopping / Custom product,Google Shopping / Custom label 0,Google Shopping / Custom label 1,Google Shopping / Custom label 2,Google Shopping / Custom label 3,Google Shopping / Custom label 4
***JELTY SKIN! STW PARA FARMEAR PAVOS INFINITOS! LYNX! VINCULABLEA TODO! (649MXN)***,,***JELTY SKIN! STW PARA FARMEAR PAVOS INFINITOS! LYNX! VINCULABLEA TODO! (649MXN)*** @here,TENGOFE,Fortnite,,Fortnite,TRUE,active,,,,,,,,,649,,,TRUE,,,,,,,,continue,,,FALSE,manual,https://cdn.discordapp.com/attachments/1389358951480561745/1441908535687381222/7f4867d8-550b-471d-adcf-bba3cbc1838c.jpg?ex=69238178&is=69222ff8&hm=9f0b9b5159781da51d24b90885a3929ff528f93619c285bb966a7c52193c4db3&,1,,,FALSE,,,,,,,,,,,,,,,
***ROGUE SPIDER KNIGTH! NARUTO! LARA CROFT! KAKASHI! RICK SÁNCHEZ! VINCULABLE A TODO,,***ROGUE SPIDER KNIGTH! NARUTO! LARA CROFT! KAKASHI! RICK SÁNCHEZ! VINCULABLE A TODO (599MXN) @here***,TENGOFE,Fortnite,,Fortnite,TRUE,active,,,,,,,,,599,,,TRUE,,,,,,,,continue,,,FALSE,manual,https://cdn.discordapp.com/attachments/1389358951480561745/1441907308648206386/f5545c66-d7a3-41c0-b2c0-c460d401d7cf.jpg?ex=69238053&is=69222ed3&hm=7235097670f60a67fdd6e9f48734ba84ae16a4ec79738fa281551b2588178bbf&,2,,,FALSE,,,,,,,,,,,,,,,
***GWENPOL! PETER GRIFFIN! AANG! POSEIDON! DOOM SLAYER! VINCULABLE A TODO! (499MXN)***,,***GWENPOL! PETER GRIFFIN! AANG! POSEIDON! DOOM SLAYER! VINCULABLE A TODO! (499MXN)*** @here,TENGOFE,Fortnite,,Fortnite,TRUE,active,,,,,,,,,499,,,TRUE,,,,,,,,continue,,,FALSE,manual,https://cdn.discordapp.com/attachments/1389358951480561745/1441905777664196741/43abccb3-ad28-4528-90ca-f50fa713fa59.jpg?ex=69237ee6&is=69222d66&hm=0803b2b0cd1d6f6d6cf9abf5ac342fdf887cced721e252f908bf98bae7f6a666&,3,,,FALSE,,,,,,,,,,,,,,,
***STW PAVOS! MIDAS DORADO! PASE MARVEL! AURA! FUSIÓN!,,***STW PAVOS! MIDAS DORADO! PASE MARVEL! AURA! FUSIÓN! VINCULABLE A TODO*** 849MXN @here,TENGOFE,Fortnite,,Fortnite,TRUE,active,,,,,,,,,849,,,TRUE,,,,,,,,continue,,,FALSE,manual,https://cdn.discordapp.com/attachments/1389358951480561745/1441893379444052182/6d29785d-fbba-4427-acec-0fe59a2a4258.jpg?ex=6923735a&is=692221da&hm=ae9a239c56c38d3726bfd70f155bc9056f85c50975680bbd52e80efd303cd871&,4,,,FALSE,,,,,,,,,,,,,,,
Código de skin exclusiva de Reino Unido,,Código de skin exclusiva de Reino Unido  (10 disponibles) (400 MXN cada uno) @everyone,TENGOFE,Fortnite,,Fortnite,TRUE,active,,,,,,,,,400,,,TRUE,,,,,,,,continue,,,FALSE,manual,https://cdn.discordapp.com/attachments/1389358951480561745/1441541419566235648/IMG_6522.jpg?ex=69237d10&is=69222b90&hm=8702f921fc6cd49bc664b489dfe229e33ebec28a9a1883f05f405394781a6326&,5,,,FALSE,,,,,,,,,,,,,,,
HOLAAAAAA!! 🎃,,HOLAAAAAA!! 🎃  LES TRAIGOOOOO NUEVO STOOOOCK  SALIDITO DE PAQUETE 📦✨  BUENOOOO BONITOOOO BARATOOOOO  PARA QUE SE LAS LLEVEEEEN TODOTAAAS! ✨ @everyone @everyone @everyone,TENGOFE,Fortnite,,Fortnite,TRUE,active,,,,,,,,,,,,TRUE,,,,,,,,continue,,,FALSE,manual,https://cdn.discordapp.com/attachments/1389358951480561745/1428500407474458634/image0.png?ex=692381ad&is=6922302d&hm=119b9b4e120ee09f78bb60fac5b1dce7e478df4e3e90be3c1e1a40d37a173286&,6,,,FALSE,,,,,,,,,,,,,,,
@here,,@here,TENGOFE,Fortnite,,Fortnite,TRUE,active,,,,,,,,,,,,TRUE,,,,,,,,continue,,,FALSE,manual,https://cdn.discordapp.com/attachments/1389358951480561745/1426346973534879865/IMG_1268.png?ex=69239522&is=692243a2&hm=700e80e3721db85fe2bb7d18cf09e24359079ae0b0d97b46e8c39a5d7edeff9f&,7,,,FALSE,,,,,,,,,,,,,,,
GANARON LAS CHIVAS ASÍ QUE SE VIENE UN GRAN STOCK GRACIAS A ESO! MUCHÍSIMOS GRIALES @everyone 🐐,,GANARON LAS CHIVAS ASÍ QUE SE VIENE UN GRAN STOCK GRACIAS A ESO! MUCHÍSIMOS GRIALES @everyone 🐐,TENGOFE,Fortnite,,Fortnite,TRUE,active,,,,,,,,,,,,TRUE,,,,,,,,continue,,,FALSE,manual,https://cdn.discordapp.com/attachments/1389358951480561745/1416901192101003354/IMG_9982.png?ex=69237f10&is=69222d90&hm=f6a4a96dad95a0c68d598580dd5d3d5e13d08e6313e2e072a7ed35b05481b6c7&,8,,,FALSE,,,,,,,,,,,,,,,
SI QUIEREN COMPRAR ALGO ENVÍENME WHAT SAAP! (33 17 22 84 58) @everyone,,SI QUIEREN COMPRAR ALGO ENVÍENME WHAT SAAP! (33 17 22 84 58) @everyone,TENGOFE,Fortnite,,Fortnite,TRUE,active,,,,,,,,,,,,TRUE,,,,,,,,continue,,,FALSE,manual,https://cdn.discordapp.com/attachments/1389358951480561745/1411131225694801921/IMG_6518.png?ex=6923995d&is=692247dd&hm=853f251be8c1fd0474fefb60b70d056f2a31de58cf379c4f25f38147d1950de4&,9,,,FALSE,,,,,,,,,,,,,,,
TENEMOS EL CLUB EN (150mx) y 2k pavos en (165mx) APROVECHEN ENTREGA INMEDIATA @everyone PARA SU NUEVA TEMPORADA 🔥,,TENEMOS EL CLUB EN (150mx) y 2k pavos en (165mx) APROVECHEN ENTREGA INMEDIATA @everyone PARA SU NUEVA TEMPORADA 🔥,TENGOFE,Fortnite,,Fortnite,TRUE,active,,,,,,,,,150,,,TRUE,,,,,,,,continue,,,FALSE,manual,https://cdn.discordapp.com/attachments/1389358951480561745/1403101783030632618/085ed62d-4a74-4699-9fed-4f11f24fb63b.jpg?ex=6923645d&is=692212dd&hm=9aacc007750a4d37cc407834746c0a9141a9b55d0155f9065048796fc0d3322e&,10,,,FALSE,,,,,,,,,,,,,,,
YA SUBIRÉ EL NUEVO STOCK! ENTREGA INMEDIATA HOY! IGUAL PUEDEN ESCRIBIRME AL WHAT SAAP! (33 17 22 84 58 @everyone 🐣,,YA SUBIRÉ EL NUEVO STOCK! ENTREGA INMEDIATA HOY! IGUAL PUEDEN ESCRIBIRME AL WHAT SAAP! (33 17 22 84 58 @everyone 🐣,TENGOFE,Fortnite,,Fortnite,TRUE,active,,,,,,,,,,,,TRUE,,,,,,,,continue,,,FALSE,manual,https://cdn.discordapp.com/attachments/1389358951480561745/1400946595603808307/IMG_2220.png?ex=69237630&is=692224b0&hm=bd0eb6182f609793d8c5e4913b8d7f54e10d4b0042acfa3ae016beddb7a2e7dd&,11,,,FALSE,,,,,,,,,,,,,,,
SI QUIEREN COMPRAR ALGO PUEDEN ENVIARME WHAT SAAP! (33 17 22 84 58) SOY GERENTE D TENGOFE @everyone,,SI QUIEREN COMPRAR ALGO PUEDEN ENVIARME WHAT SAAP! (33 17 22 84 58) SOY GERENTE D TENGOFE @everyone,TENGOFE,Fortnite,,Fortnite,TRUE,active,,,,,,,,,,,,TRUE,,,,,,,,continue,,,FALSE,manual,https://cdn.discordapp.com/attachments/1389358951480561745/1400219467975360594/IMG_1754.png?ex=692373ff&is=6922227f&hm=4944883acd7d9718170a384d1ee74c45ab1797d26c9f1bfea5e2944dcee87459&,12,,,FALSE,,,,,,,,,,,,,,,
YA SUBIRÉ EL NUEVO STOCK D FOLNAI! SI QUIEREN COMPRAR IGUAL ATIENDO POR WHAT SAAP! (33 17 22 84 58) @everyone,,YA SUBIRÉ EL NUEVO STOCK D FOLNAI! SI QUIEREN COMPRAR IGUAL ATIENDO POR WHAT SAAP! (33 17 22 84 58) @everyone,TENGOFE,Fortnite,,Fortnite,TRUE,active,,,,,,,,,,,,TRUE,,,,,,,,continue,,,FALSE,manual,https://cdn.discordapp.com/attachments/1389358951480561745/1399144804939731096/IMG_1395.png?ex=69237fa4&is=69222e24&hm=0867ab67ec253c3b7ca4d46a07668d3a939cb08addfb4df446f4c46007a000b6&,13,,,FALSE,,,,,,,,,,,,,,,
YA SUBIRÉ EL NUEVO STOCK! SI QUIEREN COMPRAR ME ENVÍAN WHAT SAAP (33 17 22 84 58) @everyone 💗,,YA SUBIRÉ EL NUEVO STOCK! SI QUIEREN COMPRAR ME ENVÍAN WHAT SAAP (33 17 22 84 58) @everyone 💗,TENGOFE,Fortnite,,Fortnite,TRUE,active,,,,,,,,,,,,TRUE,,,,,,,,continue,,,FALSE,manual,https://cdn.discordapp.com/attachments/1389358951480561745/1398777418382180472/IMG_1143.png?ex=69237afc&is=6922297c&hm=0591b869972d3ebcda4348719dea9076d379a0316a75afc2f57255dfbf03732e&,14,,,FALSE,,,,,,,,,,,,,,,
SUBIRE EL NUEVO STOCK FORNAI! TODO EL DÍA PODRÁS ADQUIRIR UNA CUENTA! (único server) @everyone,,SUBIRE EL NUEVO STOCK FORNAI! TODO EL DÍA PODRÁS ADQUIRIR UNA CUENTA! (único server) @everyone,TENGOFE,Fortnite,,Fortnite,TRUE,active,,,,,,,,,,,,TRUE,,,,,,,,continue,,,FALSE,manual,https://cdn.discordapp.com/attachments/1389358951480561745/1393297753412599820/image.png?ex=69235226&is=692200a6&hm=380c780e15644636356dc515fcb34478eed30e37604fef3a573b62c87406a60c&,15,,,FALSE,,,,,,,,,,,,,,,
83 FREE FIRE! CUENTA CON 4 EVOS A BUEN NIVEL! MP40 AZUL! GUARDIA GLACIAL! NARUTO! mp40 Y UMO DE INCUBADORA! BUENA PARA EMPEZAR! @everyone (899mx) REGION: EEUU,,83 FREE FIRE! CUENTA CON 4 EVOS A BUEN NIVEL! MP40 AZUL! GUARDIA GLACIAL! NARUTO! mp40 Y UMO DE INCUBADORA! BUENA PARA EMPEZAR! @everyone (899mx) REGION: EEUU,TENGOFE,Free Fire,,Free Fire,TRUE,active,,,,,,,,,899,,,TRUE,,,,,,,,continue,,,FALSE,manual,https://cdn.discordapp.com/attachments/1393294587409334322/1441895625128939691/image.png?ex=69237572&is=692223f2&hm=3e385b4ae42e5bff29cf440c1da4b65cac0d126647fbf6f00ce8066affcb9e14&,16,,,FALSE,,,,,,,,,,,,,,,
81 FREE FIRE! CUENTA CON 5 EVOS A UN NIVEL PERFECTO PARA EMPEZAR! YING YANG GRIS! BASTANTE ROPA BUENA! CAMISAS DE FUTBOL! (999mx) @everyone REGIÓN: EEUU,,81 FREE FIRE! CUENTA CON 5 EVOS A UN NIVEL PERFECTO PARA EMPEZAR! YING YANG GRIS! BASTANTE ROPA BUENA! CAMISAS DE FUTBOL! (999mx) @everyone REGIÓN: EEUU,TENGOFE,Free Fire,,Free Fire,TRUE,active,,,,,,,,,999,,,TRUE,,,,,,,,continue,,,FALSE,manual,https://cdn.discordapp.com/attachments/1393294587409334322/1441895532900389095/image.png?ex=6923755c&is=692223dc&hm=aadbf55d8746d27c0d04b5498a92a56be23ef28069f1b1ba0154b79d3dc5aab3&,17,,,FALSE,,,,,,,,,,,,,,,
60 FREE FIRE! CUENTA CON 13 EVOS! M1014 A NIVEL FULL! YING YANG DORADO Y AZUL! TODOS LOS BLUELOCK! BARBA DEL VIEJO! YING YANG GRiS! REGIÓN: SUDAMÉRICA (1799mx) @everyone,,60 FREE FIRE! CUENTA CON 13 EVOS! M1014 A NIVEL FULL! YING YANG DORADO Y AZUL! TODOS LOS BLUELOCK! BARBA DEL VIEJO! YING YANG GRiS! REGIÓN: SUDAMÉRICA (1799mx) @everyone,TENGOFE,Free Fire,,Free Fire,TRUE,active,,,,,,,,,1799,,,TRUE,,,,,,,,continue,,,FALSE,manual,https://cdn.discordapp.com/attachments/1393294587409334322/1441894278539509812/image.png?ex=69237431&is=692222b1&hm=954d1bc0698c0231c6017e9386bf78329e1e77dbe9b2fbe8859dffd23e5daf9a&,18,,,FALSE,,,,,,,,,,,,,,,
051 CUENTA DE FREE FIRE MINI GRIAL!! TIENE TODAS LAS EVOLUTIVAS OMG!! TIENE UNA A NIVEL MAXIMO Y EL RESTO A SUPER BUEN NIVEL DEL 5 PARA BAJO!! TIENE 431 PECHOS  CONJUNTO DE ORION  CUELLO TORTUGA NEGRO  TRAJE CON CORBATA  CAMISAS DE FUTBOL  TRAJE DE DANDE DE LA COLABORACION DEVIL MAYCRY  CUERNITOS AZULES  5 DINOS  TUNG TUNG SAHUR  CONJUNTO DE CONEJO DE FUEGO Y DEMASIADA BUENA ROPA!! REGION EEUU (1999mx) 🔥,,051 CUENTA DE FREE FIRE MINI GRIAL!! TIENE TODAS LAS EVOLUTIVAS OMG!! TIENE UNA A NIVEL MAXIMO Y EL RESTO A SUPER BUEN NIVEL DEL 5 PARA BAJO!! TIENE 431 PECHOS  CONJUNTO DE ORION  CUELLO TORTUGA NEGRO  TRAJE CON CORBATA  CAMISAS DE FUTBOL  TRAJE DE DANDE DE LA COLABORACION DEVIL MAYCRY  CUERNITOS AZULES  5 DINOS  TUNG TUNG SAHUR  CONJUNTO DE CONEJO DE FUEGO Y DEMASIADA BUENA ROPA!! REGION EEUU (1999mx) 🔥  @everyone,TENGOFE,Free Fire,,Free Fire,TRUE,active,,,,,,,,,1999,,,TRUE,,,,,,,,continue,,,FALSE,manual,https://cdn.discordapp.com/attachments/1393294587409334322/1441894095516729504/image.png?ex=69237405&is=69222285&hm=6a64e9b0638a3cb812e851ba61d24748aa61442324cfc45d72f663b735afcd98&,19,,,FALSE,,,,,,,,,,,,,,,
069 CUENTA DE FREE FIRE CON 12 EVOLUTIVAS A SÚPER BUEN NIVEL!! UNA A NIVEL 6 Y EL RESTO POR DEBAJO DEL NIVEL 5. TIENE MÁS DE 380 PECHOS MUY PEDIDOS CUELLO TORTUGA  BARBA DEL VIEJO  SKATER NOCTURNO  CAMISAS DE FUTBOL Y DE LA FFLS  CAMISETAS DE ORO VETERANAS  MUCHOS PASES Y COLABORACIONES!! REGIÓN: EEUU (1899mx) @everyone,,069 CUENTA DE FREE FIRE CON 12 EVOLUTIVAS A SÚPER BUEN NIVEL!! UNA A NIVEL 6 Y EL RESTO POR DEBAJO DEL NIVEL 5. TIENE MÁS DE 380 PECHOS MUY PEDIDOS CUELLO TORTUGA  BARBA DEL VIEJO  SKATER NOCTURNO  CAMISAS DE FUTBOL Y DE LA FFLS  CAMISETAS DE ORO VETERANAS  MUCHOS PASES Y COLABORACIONES!! REGIÓN: EEUU (1899mx) @everyone,TENGOFE,Free Fire,,Free Fire,TRUE,active,,,,,,,,,1899,,,TRUE,,,,,,,,continue,,,FALSE,manual,https://cdn.discordapp.com/attachments/1393294587409334322/1441893973227737128/image.png?ex=692373e8&is=69222268&hm=07c830e2170d12a07bdc6bb0ca4b136c7206bff6bf92e4fec87769299b03c12d&,20,,,FALSE,,,,,,,,,,,,,,,
076 CUENTA DE FREE FIRE CON 5 EVOS  CON BUENOS NIVELES NVL 4 LA MAYORÍA!!TIENE MAS DE 290 PECHOS  ENTRE ELLOS SKIN DE INCUBADORAS BUENOS PASES ENTRE ELLOS  GOLPE ESPECTRAL!!Y MUCHO MÁS !!,,076 CUENTA DE FREE FIRE CON 5 EVOS  CON BUENOS NIVELES NVL 4 LA MAYORÍA!!TIENE MAS DE 290 PECHOS  ENTRE ELLOS SKIN DE INCUBADORAS BUENOS PASES ENTRE ELLOS  GOLPE ESPECTRAL!!Y MUCHO MÁS !! (1049mx) REGION EEUU @everyone,TENGOFE,Free Fire,,Free Fire,TRUE,active,,,,,,,,,1049,,,TRUE,,,,,,,,continue,,,FALSE,manual,https://cdn.discordapp.com/attachments/1393294587409334322/1441893306018824222/image.png?ex=69237349&is=692221c9&hm=3a4a4f5babb4580ae62cfefd162662997f5757349703b5f9c78d67989cd0f6a3&,21,,,FALSE,,,,,,,,,,,,,,,
085 CUENTA DE FREE FIRE CON 6 EVOLUTIVAS A BUEN NIVEL  CON 3 AL NIVEL 5  2 NIVEL 4 Y UNA AL NIVEL 3. TIENE MÁS DE 140 PECHOS  ANGELICALES AZULES  CUELLO TORTUGA NEGRO 2.0  CONJUNTO DE RAMPAGE  PASE DE REYES 2.0  CAMISETAS DE FUTBOL  COLABORACIÓN DE NARUTO  PANTALONES DE JUSTIEN BIEBER!! REGIÓN EEUU (1299mx) @everyone,,085 CUENTA DE FREE FIRE CON 6 EVOLUTIVAS A BUEN NIVEL  CON 3 AL NIVEL 5  2 NIVEL 4 Y UNA AL NIVEL 3. TIENE MÁS DE 140 PECHOS  ANGELICALES AZULES  CUELLO TORTUGA NEGRO 2.0  CONJUNTO DE RAMPAGE  PASE DE REYES 2.0  CAMISETAS DE FUTBOL  COLABORACIÓN DE NARUTO  PANTALONES DE JUSTIEN BIEBER!! REGIÓN EEUU (1299mx) @everyone,TENGOFE,Free Fire,,Free Fire,TRUE,active,,,,,,,,,1299,,,TRUE,,,,,,,,continue,,,FALSE,manual,https://cdn.discordapp.com/attachments/1393294587409334322/1441893156651143168/image.png?ex=69237325&is=692221a5&hm=bf7934b106d0a1514cb4e319c0efdf084205a9f6015a4b94c88cfd74664a2b90&,22,,,FALSE,,,,,,,,,,,,,,,
048 CUENTA DE FREE FIRE CON MAS DE 4 EVOS  UNA AL NIVEL MAXIMO Y LAS OTRAS A UN BUEN NIVEL!! TIENE MAS DE 267 PECHOS  ENTRE ELLOS CUELLO DE TORTUGA  INCUBADORA DE ANIMALES DE CARTON  PLAYERAS DE ORO VETERANAS  PLAYERA DE RUOK AZUL  CONJUNTO DE BASQUET  MUCHAS PLAYERES DE SELECCIONES Y BUENOS PELOS Y PAÑUELOS!!! REGION EEUU (1399MX) @everyone 🎃,,048 CUENTA DE FREE FIRE CON MAS DE 4 EVOS  UNA AL NIVEL MAXIMO Y LAS OTRAS A UN BUEN NIVEL!! TIENE MAS DE 267 PECHOS  ENTRE ELLOS CUELLO DE TORTUGA  INCUBADORA DE ANIMALES DE CARTON  PLAYERAS DE ORO VETERANAS  PLAYERA DE RUOK AZUL  CONJUNTO DE BASQUET  MUCHAS PLAYERES DE SELECCIONES Y BUENOS PELOS Y PAÑUELOS!!! REGION EEUU (1399MX) @everyone 🎃,TENGOFE,Free Fire,,Free Fire,TRUE,active,,,,,,,,,1399,,,TRUE,,,,,,,,continue,,,FALSE,manual,https://cdn.discordapp.com/attachments/1393294587409334322/1441891815576829992/image.png?ex=692371e5&is=69222065&hm=fab5b72fc37f141c3953b8bfdf283d3a0316dce54a2285b09d498a87f9dd30c9&,23,,,FALSE,,,,,,,,,,,,,,,
045 SÚPER SANTO GRIAL DE FREE FIRE CUENTA CON MAS DE 16 EVOLUTIVAS  15 AL NIVEL MAXIMOO!! TIENE MÁS DE 750 PECHOS OMG!! CUENTA CON YING YANG AZUL  ANGELICALES AZULES  CUELLOS DE TORTUGA NEGRO Y BLANCO  PLAYERAS DE FUTBOL  MUCHOS PELOS  BARBA DEL VEJO  INCUBADORAS CARAS  ZAPATOS ANGELICALES  CAMISAS VETERANAS  536 PANTALONES PARA COMBINAR!! TRAJE DE ATACK OF TITAN  MUCHOS PASES COMPRADOS  CONJUNTO DE LLAMAS  CONJUNTO DE RAMPAGE  MUCHA ROPA DE MUJER CUERNITOS AZULES  PELOS ALAS DE LLAMAS LOS MAS BUSCADOS DE LAS CHAKALITAS Y MUCHISIMAS COSAS MAS!! REGION: EEUU  (11 999mx) @everyone 🎃,,045 SÚPER SANTO GRIAL DE FREE FIRE CUENTA CON MAS DE 16 EVOLUTIVAS  15 AL NIVEL MAXIMOO!! TIENE MÁS DE 750 PECHOS OMG!! CUENTA CON YING YANG AZUL  ANGELICALES AZULES  CUELLOS DE TORTUGA NEGRO Y BLANCO  PLAYERAS DE FUTBOL  MUCHOS PELOS  BARBA DEL VEJO  INCUBADORAS CARAS  ZAPATOS ANGELICALES  CAMISAS VETERANAS  536 PANTALONES PARA COMBINAR!! TRAJE DE ATACK OF TITAN  MUCHOS PASES COMPRADOS  CONJUNTO DE LLAMAS  CONJUNTO DE RAMPAGE  MUCHA ROPA DE MUJER CUERNITOS AZULES  PELOS ALAS DE LLAMAS LOS MAS BUSCADOS DE LAS CHAKALITAS Y MUCHISIMAS COSAS MAS!! REGION: EEUU  (11 999mx) @everyone 🎃  👻  🔥,TENGOFE,Free Fire,,Free Fire,TRUE,active,,,,,,,,,999,,,TRUE,,,,,,,,continue,,,FALSE,manual,https://cdn.discordapp.com/attachments/1393294587409334322/1441891671083061421/image.png?ex=692371c3&is=69222043&hm=ee53d79b47c0e935e951bcf381dec5974990fed90f59bf80c764745f013061cc&,24,,,FALSE,,,,,,,,,,,,,,,
STOCK SUPER INSANO! PARA QUE APROVECHEN EL BUEN FIN! @everyone,,STOCK SUPER INSANO! PARA QUE APROVECHEN EL BUEN FIN! @everyone,TENGOFE,Free Fire,,Free Fire,TRUE,active,,,,,,,,,,,,TRUE,,,,,,,,continue,,,FALSE,manual,https://cdn.discordapp.com/attachments/1393294587409334322/1438649134478393444/IMG_0352.png?ex=6923836a&is=692231ea&hm=d486b09ac8f3c039b07b959f7984d364393a60347ceb2d74be656e1ed882ce06&,25,,,FALSE,,,,,,,,,,,,,,,
ACCESOS Y FULL ACCESOS INMEDIATOS YA SABEN! @everyone,,ACCESOS Y FULL ACCESOS INMEDIATOS YA SABEN! @everyone,TENGOFE,Free Fire,,Free Fire,TRUE,active,,,,,,,,,,,,TRUE,,,,,,,,continue,,,FALSE,manual,https://cdn.discordapp.com/attachments/1393294587409334322/1435758250627698868/IMG_6770.png?ex=69238b12&is=69223992&hm=0b7ea36bd92f4d58d85736bc83076c853bc585638cb643426f167d9c6f8570e9&,26,,,FALSE,,,,,,,,,,,,,,,
SE VIENE STOCK DE CLASH Y EL DÍA DE HOY TENEMOS EL SUPER DESCUENTO DEL 10% @everyone,,SE VIENE STOCK DE CLASH Y EL DÍA DE HOY TENEMOS EL SUPER DESCUENTO DEL 10% @everyone,TENGOFE,Clash,,Clash,TRUE,active,,,,,,,,,,,,TRUE,,,,,,,,continue,,,FALSE,manual,https://cdn.discordapp.com/attachments/1393294722985885746/1441927400605876335/IMG_1691.png?ex=6923930a&is=6922418a&hm=df89bd007dcca7c125ac81ae56079e82350e5adf78247a422a99a7fa13c773ce&,27,,,FALSE,,,,,,,,,,,,,,,
178 GRIAL CLASH! LIGA 1! 12k COPAS! 33 CARTAS AL 15 ÉLITES! 15 EVOLUCIONES! 43 CARTAS AL 14! 139 EMOTES SÚPER EXCLUSIVOS! “rey” 13 TORRES! INSIGNIA 9 AÑOS! INSIGNIA 2023! 506 GEMAS! SUPER OG! VIENE CON GRIAL DE CLASH OF CLANS TH 17! NIVEL 164 CON MUROS A NIVEL 15 Y 16! MUCHAS TROPAS PARA INVADIR OTRAS BASES Y BUENAS ESTRUTURAS!! @everyone (5899mx),,178 GRIAL CLASH! LIGA 1! 12k COPAS! 33 CARTAS AL 15 ÉLITES! 15 EVOLUCIONES! 43 CARTAS AL 14! 139 EMOTES SÚPER EXCLUSIVOS! “rey” 13 TORRES! INSIGNIA 9 AÑOS! INSIGNIA 2023! 506 GEMAS! SUPER OG! VIENE CON GRIAL DE CLASH OF CLANS TH 17! NIVEL 164 CON MUROS A NIVEL 15 Y 16! MUCHAS TROPAS PARA INVADIR OTRAS BASES Y BUENAS ESTRUTURAS!! @everyone (5899mx),TENGOFE,Clash,,Clash,TRUE,active,,,,,,,,,5899,,,TRUE,,,,,,,,continue,,,FALSE,manual,https://cdn.discordapp.com/attachments/1393294722985885746/1441562340595073064/image.png?ex=6923908c&is=69223f0c&hm=4fc9d2e4c74397c2da1118c7aca0321978e70723534be85e83f9f6ef4b6921b8&,28,,,FALSE,,,,,,,,,,,,,,,
282 CLASH! CUENTA AVANZADA! 10 630 COPAS! 7 CARTAS AL 15 ÉLITES! 38 CARTAS AL 14! 11 CARTAS EVOLUTIVAS! 95 EMOTES! 10 TORRES! INSIGNIA DE 4 AÑOS! (1299mx) @everyone REGALADA!,,282 CLASH! CUENTA AVANZADA! 10 630 COPAS! 7 CARTAS AL 15 ÉLITES! 38 CARTAS AL 14! 11 CARTAS EVOLUTIVAS! 95 EMOTES! 10 TORRES! INSIGNIA DE 4 AÑOS! (1299mx) @everyone REGALADA!,TENGOFE,Clash,,Clash,TRUE,active,,,,,,,,,1299,,,TRUE,,,,,,,,continue,,,FALSE,manual,https://cdn.discordapp.com/attachments/1393294722985885746/1441562022369038346/image.png?ex=69239041&is=69223ec1&hm=80877724994152246228222c32d51e2905cf7d1c9084f3990be717147cca1b1c&,29,,,FALSE,,,,,,,,,,,,,,,
296 CLASH! 8454 COPAS! 4 CARTAS AL 15 ELITES! 22 CARTAS AL NIVEL 14! PEKA BOLA DE FUEGO ÉLITES! PEKA Y COHETE AL NIVEL 14! 45 EMOTES! MUCHISMOS COMODINES DE MEJORA! 6 TORRES! INSIGNIA DE 6 AÑOS! (1199mx) @everyone,,296 CLASH! 8454 COPAS! 4 CARTAS AL 15 ELITES! 22 CARTAS AL NIVEL 14! PEKA BOLA DE FUEGO ÉLITES! PEKA Y COHETE AL NIVEL 14! 45 EMOTES! MUCHISMOS COMODINES DE MEJORA! 6 TORRES! INSIGNIA DE 6 AÑOS! (1199mx) @everyone,TENGOFE,Clash,,Clash,TRUE,active,,,,,,,,,1199,,,TRUE,,,,,,,,continue,,,FALSE,manual,https://cdn.discordapp.com/attachments/1393294722985885746/1441561431794516068/IMG_1608.jpg?ex=69238fb4&is=69223e34&hm=f5f8c907451a7f923403279c8e262a256876125bc695b62d3e35303b8b1a6ea3&,30,,,FALSE,,,,,,,,,,,,,,,
294 CLASH GRIAL! 14250 COPAS! 31 CARTAS AL 15 ÉLITES! 40 CARTAS A NIVEL 14! 22 CARTAS EVOLUTIVAS! COHETE PEKA VALQUIRIA PRINCESA ELITE!! 93 EMOTES CON MUCHOS DE LOS MÁS PEDIDOS!! DEMASIADOS COMODINES DE MEJORA! 14 TORRES! INSIGNIA DE 8 AÑOS! (3199mx) @everyone 🔥,,294 CLASH GRIAL! 14250 COPAS! 31 CARTAS AL 15 ÉLITES! 40 CARTAS A NIVEL 14! 22 CARTAS EVOLUTIVAS! COHETE PEKA VALQUIRIA PRINCESA ELITE!! 93 EMOTES CON MUCHOS DE LOS MÁS PEDIDOS!! DEMASIADOS COMODINES DE MEJORA! 14 TORRES! INSIGNIA DE 8 AÑOS! (3199mx) @everyone 🔥,TENGOFE,Clash,,Clash,TRUE,active,,,,,,,,,3199,,,TRUE,,,,,,,,continue,,,FALSE,manual,https://cdn.discordapp.com/attachments/1393294722985885746/1441560845208522852/IMG_1586.jpg?ex=69238f28&is=69223da8&hm=ffccad1a2a162c0056a6e0ba07ca6fad4cf3946982bf71bebcc04b46d4b4149f&,31,,,FALSE,,,,,,,,,,,,,,,
293 CLASH! 11100 COPAS! 15 CARTAS ELITES! 59 CARTAS A NIVEL 14! 13 CARTAS EVOLUTIVAS! PEKA GOLEM ÉLITES! 109 EMOTES! 16 TORRES! 109 EMOTES! INSIGNIA DE 8 AÑOS! (2799mx ) @everyone 🔥,,293 CLASH! 11100 COPAS! 15 CARTAS ELITES! 59 CARTAS A NIVEL 14! 13 CARTAS EVOLUTIVAS! PEKA GOLEM ÉLITES! 109 EMOTES! 16 TORRES! 109 EMOTES! INSIGNIA DE 8 AÑOS! (2799mx ) @everyone 🔥,TENGOFE,Clash,,Clash,TRUE,active,,,,,,,,,2799,,,TRUE,,,,,,,,continue,,,FALSE,manual,https://cdn.discordapp.com/attachments/1393294722985885746/1441560079290859712/IMG_1572.jpg?ex=69238e71&is=69223cf1&hm=9ec893a70de88e998b95fc87015c6df2ccfcdf486b60905e6ee00bd6a2b4ebda&,32,,,FALSE,,,,,,,,,,,,,,,
230 MINI GRIAL CLASH! 9638 COPAS! 40 CARTAS AL 15 ÉLITES! 65 CARTAS AL 14! 177 EMOTES DE LOS MÁS EXCLUSIVOS! 12 TORRES! INSIGNIA DE 8 AÑOS! +2M DE MONEDAS Y 812 GEMAS! (3999mx) @everyone 🔥,,230 MINI GRIAL CLASH! 9638 COPAS! 40 CARTAS AL 15 ÉLITES! 65 CARTAS AL 14! 177 EMOTES DE LOS MÁS EXCLUSIVOS! 12 TORRES! INSIGNIA DE 8 AÑOS! +2M DE MONEDAS Y 812 GEMAS! (3999mx) @everyone 🔥,TENGOFE,Clash,,Clash,TRUE,active,,,,,,,,,3999,,,TRUE,,,,,,,,continue,,,FALSE,manual,https://cdn.discordapp.com/attachments/1393294722985885746/1441230496666226841/image.png?ex=6923acff&is=69225b7f&hm=2d7ab43dc95289c1e6320b6ac17d09d34437e860b8c69a2e9e8a721ebc1e6520&,33,,,FALSE,,,,,,,,,,,,,,,
290 CLASH! 10 510 COPAS! 8 CARTAS AL 15 ÉLITES! 20 CARTAS AL 14! 14 EVOLUTIVAS! 92 EMOTES! 10 TORRES! INSIGNIA 4 AÑOS! + BRAWL! 78k COPAS Y 80/96 BRAWLERS! (1899mx) @everyone,,290 CLASH! 10 510 COPAS! 8 CARTAS AL 15 ÉLITES! 20 CARTAS AL 14! 14 EVOLUTIVAS! 92 EMOTES! 10 TORRES! INSIGNIA 4 AÑOS! + BRAWL! 78k COPAS Y 80/96 BRAWLERS! (1899mx) @everyone,TENGOFE,Clash,,Clash,TRUE,active,,,,,,,,,1899,,,TRUE,,,,,,,,continue,,,FALSE,manual,https://cdn.discordapp.com/attachments/1393294722985885746/1441230294522007562/image.png?ex=6923acce&is=69225b4e&hm=f18350f4e9f3817f9b10b5521f31b9b41407bec1906dd43abd15110fbe86d488&,34,,,FALSE,,,,,,,,,,,,,,,
289 CLASH! CUENTA BUENA! 8 675 COPAS! 5 CARTAS AL 15 ÉLITES! 15 CARTAS AL 14! 14 CARTAS EVOLUTIVAS! 114 EMOTES MUY PEDIDOS! 22 TORRES MUY BUENAS! INSIGNIA DE 4 AÑOS! +100 MIL MONEDAS! (1199mx) @everyone,,289 CLASH! CUENTA BUENA! 8 675 COPAS! 5 CARTAS AL 15 ÉLITES! 15 CARTAS AL 14! 14 CARTAS EVOLUTIVAS! 114 EMOTES MUY PEDIDOS! 22 TORRES MUY BUENAS! INSIGNIA DE 4 AÑOS! +100 MIL MONEDAS! (1199mx) @everyone,TENGOFE,Clash,,Clash,TRUE,active,,,,,,,,,1199,,,TRUE,,,,,,,,continue,,,FALSE,manual,https://cdn.discordapp.com/attachments/1393294722985885746/1441230163454197901/image.png?ex=6923acaf&is=69225b2f&hm=83e300fd6f7b6d8a16834d9dd6599d89a7331c62e20a61431cb607330a051c9a&,35,,,FALSE,,,,,,,,,,,,,,,
225 GRIAL DE CLASH DE LOS MÁS BUSCADOS! 15 145 COPAS! LIGA 4 COMPETITIVA! 46 CARTAS AL 15 ÉLITES! 62 CARTAS AL 14! 20 CARTAS EVOLUTIVAS! 173 EMOTES DE LOS MÁS PEDIDOS! 18 TORRES! +1M DE MONEDAS Y 1432 GEMAS! 🔥 (5499mx)@everyone,,225 GRIAL DE CLASH DE LOS MÁS BUSCADOS! 15 145 COPAS! LIGA 4 COMPETITIVA! 46 CARTAS AL 15 ÉLITES! 62 CARTAS AL 14! 20 CARTAS EVOLUTIVAS! 173 EMOTES DE LOS MÁS PEDIDOS! 18 TORRES! +1M DE MONEDAS Y 1432 GEMAS! 🔥 (5499mx)@everyone,TENGOFE,Clash,,Clash,TRUE,active,,,,,,,,,5499,,,TRUE,,,,,,,,continue,,,FALSE,manual,https://cdn.discordapp.com/attachments/1393294722985885746/1440115956323061871/image.png?ex=69239380&is=69224200&hm=70caef7f3fed6cbbc534dce586aee68cc5601caa16694354ee5f2a765aadabe5&,36,,,FALSE,,,,,,,,,,,,,,,
223 CLASH GRIAL! LIGA 6 COMPETITIVA! 12965 COPAS! 42 CARTAS AL 15 ÉLITES! 16 EVOLUTIVAS! 15 CARTAS NIVEL 14! 148 EMOTES Y VARIOS SON EXCLUSIVOS! 15 TORRES! +145 ESTANDARTES! INSIGNIA DE 9 AÑOS! ES OG! (4200mx🔥,,223 CLASH GRIAL! LIGA 6 COMPETITIVA! 12965 COPAS! 42 CARTAS AL 15 ÉLITES! 16 EVOLUTIVAS! 15 CARTAS NIVEL 14! 148 EMOTES Y VARIOS SON EXCLUSIVOS! 15 TORRES! +145 ESTANDARTES! INSIGNIA DE 9 AÑOS! ES OG! (4200mx🔥 ) @everyone,TENGOFE,Clash,,Clash,TRUE,active,,,,,,,,,4200,,,TRUE,,,,,,,,continue,,,FALSE,manual,https://cdn.discordapp.com/attachments/1393294722985885746/1440115033752211486/image.png?ex=692392a4&is=69224124&hm=a2bf3b1adba88fd52e253b8a90975722ead740af02d989e70f8369ef16132b20&,37,,,FALSE,,,,,,,,,,,,,,,
277 CLASH! MEGA GRIAL!! 17762 COPAS! LIGA 2! 63 CARTAS AL 15 ELITES! 52 CARTAS AL NIVEL 14! EMOTES EXCLUSIVOS OG! 164 EMOTES DESBLOQUEADOS! 13 TORRES! INSIGNIA DE 8 AÑOTEEES! (6899mx) @everyone,,277 CLASH! MEGA GRIAL!! 17762 COPAS! LIGA 2! 63 CARTAS AL 15 ELITES! 52 CARTAS AL NIVEL 14! EMOTES EXCLUSIVOS OG! 164 EMOTES DESBLOQUEADOS! 13 TORRES! INSIGNIA DE 8 AÑOTEEES! (6899mx) @everyone,TENGOFE,Clash,,Clash,TRUE,active,,,,,,,,,6899,,,TRUE,,,,,,,,continue,,,FALSE,manual,https://cdn.discordapp.com/attachments/1393294722985885746/1440114685281173534/image.png?ex=69239251&is=692240d1&hm=bff27db4c16adefedb53be1a4c8d4433f5d18e91aa4b01d7205b347d32246d63&,38,,,FALSE,,,,,,,,,,,,,,,
191 CLASH! MINI GRIAL!! 13 500 COPAS!! 40 CARTAS ELITES! 64 CARTAS AL NIVEL 14! TIENE EL EMOTE MÁS EXCLUSIVO DEL JUEGO! 226 EMOTES! 904 GEMAS! INSIGNIA DE 7 AÑOS! 42 TORRES! 🔥 (3350mx) @everyone,,191 CLASH! MINI GRIAL!! 13 500 COPAS!! 40 CARTAS ELITES! 64 CARTAS AL NIVEL 14! TIENE EL EMOTE MÁS EXCLUSIVO DEL JUEGO! 226 EMOTES! 904 GEMAS! INSIGNIA DE 7 AÑOS! 42 TORRES! 🔥 (3350mx) @everyone,TENGOFE,Clash,,Clash,TRUE,active,,,,,,,,,3350,,,TRUE,,,,,,,,continue,,,FALSE,manual,https://cdn.discordapp.com/attachments/1393294722985885746/1440114304677580840/image.png?ex=692391f6&is=69224076&hm=d6ee21d2f0068b859f90d9075248061fc1710745ace14a0efab6a47003a4d1cc&,39,,,FALSE,,,,,,,,,,,,,,,
272 CLASH! SÚPER GRIAL! 14 995 COPAS! LIGA COMPETITIVA 1! 35 CARTAS AL 15 ÉLITES! 64 CARTAS AL 14! 25 CARTAS EVOLUTIVAS! 106 EMOTES MUY PEDIDOS! 14 TORRES! INSIGNIA OG DE 9 AÑOS! CASI 2M EN MONEDAS! (4899 MX) @everyone,,272 CLASH! SÚPER GRIAL! 14 995 COPAS! LIGA COMPETITIVA 1! 35 CARTAS AL 15 ÉLITES! 64 CARTAS AL 14! 25 CARTAS EVOLUTIVAS! 106 EMOTES MUY PEDIDOS! 14 TORRES! INSIGNIA OG DE 9 AÑOS! CASI 2M EN MONEDAS! (4899 MX) @everyone,TENGOFE,Clash,,Clash,TRUE,active,,,,,,,,,4899,,,TRUE,,,,,,,,continue,,,FALSE,manual,https://cdn.discordapp.com/attachments/1393294722985885746/1440113995586605146/image.png?ex=692391ac&is=6922402c&hm=8899f3f52e4f824689d396c5837013a721487261d4f88a208d739a03ab337c7d&,40,,,FALSE,,,,,,,,,,,,,,,
230 MINI GRIAL CLASH! 9638 COPAS! 40 CARTAS AL 15 ÉLITES! 65 CARTAS AL 14! 177 EMOTES DE LOS MÁS EXCLUSIVOS! 12 TORRES! INSIGNIA DE 8 AÑOS! +2M DE MONEDAS Y 812 GEMAS! (4899mx) @everyone 🔥,,230 MINI GRIAL CLASH! 9638 COPAS! 40 CARTAS AL 15 ÉLITES! 65 CARTAS AL 14! 177 EMOTES DE LOS MÁS EXCLUSIVOS! 12 TORRES! INSIGNIA DE 8 AÑOS! +2M DE MONEDAS Y 812 GEMAS! (4899mx) @everyone 🔥,TENGOFE,Clash,,Clash,TRUE,active,,,,,,,,,4899,,,TRUE,,,,,,,,continue,,,FALSE,manual,https://cdn.discordapp.com/attachments/1393294722985885746/1440113618778587188/image.png?ex=69239152&is=69223fd2&hm=44b52ce8f5692905b9876ed0099ffff1fbf4d33d44003ae9aed9b6ba02b420d8&,41,,,FALSE,,,,,,,,,,,,,,,
SE VIENE SÚPER STOCK DE CLASH! EMPEZAMOS CON EL BUEN FIN! 15% EN CASHBACK! @everyone,,SE VIENE SÚPER STOCK DE CLASH! EMPEZAMOS CON EL BUEN FIN! 15% EN CASHBACK! @everyone,TENGOFE,Clash,,Clash,TRUE,active,,,,,,,,,,,,TRUE,,,,,,,,continue,,,FALSE,manual,https://cdn.discordapp.com/attachments/1393294722985885746/1438640367162490940/IMG_0352.png?ex=69237b40&is=692229c0&hm=1c613825a53c3bc33889dd7bca64e58357b3ec96381b9dd6cdc0b72012f55b19&,42,,,FALSE,,,,,,,,,,,,,,,
SE VIENE SÚPER STOCK DE CLASH! AYER TUVIMOS ESTÁ CUENTA Y SE FUE VOLANDO! LA PUEDEN ADQUIRIR A PEDIDO! 🔥 @everyone,,SE VIENE SÚPER STOCK DE CLASH! AYER TUVIMOS ESTÁ CUENTA Y SE FUE VOLANDO! LA PUEDEN ADQUIRIR A PEDIDO! 🔥 @everyone,TENGOFE,Clash,,Clash,TRUE,active,,,,,,,,,,,,TRUE,,,,,,,,continue,,,FALSE,manual,https://cdn.discordapp.com/attachments/1393294722985885746/1436834910957600901/IMG_7675.png?ex=69238149&is=69222fc9&hm=a05944412ca49cb82ef3024d01551a6289fef4037f35863f76cf1b5006d799e0&,43,,,FALSE,,,,,,,,,,,,,,,
MIREN LO QUE TENEMOS EN STOCK D CLASH @everyone YA SABEN INTERESADOS ABRAN TICKET! 🔥,,MIREN LO QUE TENEMOS EN STOCK D CLASH @everyone YA SABEN INTERESADOS ABRAN TICKET! 🔥,TENGOFE,Clash,,Clash,TRUE,active,,,,,,,,,,,,TRUE,,,,,,,,continue,,,FALSE,manual,https://cdn.discordapp.com/attachments/1393294722985885746/1434287411902550227/IMG_5519.png?ex=6923773e&is=692225be&hm=c70509801f615982c132ecc4cde4037a8c87602da871b40b934b97a673480c10&,44,,,FALSE,,,,,,,,,,,,,,,
BUEN DÍA PRECIOSOS! YA SE VIENE SÚPER LINDO STOCK D CLASH! ENTREGA Y FULL ACCESO INMEDIATO HOY! @everyone 🎃 💗,,BUEN DÍA PRECIOSOS! YA SE VIENE SÚPER LINDO STOCK D CLASH! ENTREGA Y FULL ACCESO INMEDIATO HOY! @everyone 🎃 💗,TENGOFE,Clash,,Clash,TRUE,active,,,,,,,,,,,,TRUE,,,,,,,,continue,,,FALSE,manual,https://cdn.discordapp.com/attachments/1393294722985885746/1432474988425777225/IMG_3470.png?ex=692376cb&is=6922254b&hm=d0e4da9b86d5b58a3c0f4584a0317a5cd0d2190a09df4092ae39caecf5682888&,45,,,FALSE,,,,,,,,,,,,,,,
TRAIGAN SUS CUENTAS DE CLASH! ESTAMOS PAGANDO SÚPER BIEN! ABRAN TICKET @everyone,,TRAIGAN SUS CUENTAS DE CLASH! ESTAMOS PAGANDO SÚPER BIEN! ABRAN TICKET @everyone,TENGOFE,Clash,,Clash,TRUE,active,,,,,,,,,,,,TRUE,,,,,,,,continue,,,FALSE,manual,https://cdn.discordapp.com/attachments/1393294722985885746/1430764976888615014/IMG_1786.png?ex=6923d5b8&is=69228438&hm=5eff5a8f681ba7e4cfbd530818f8988bd10509591b7f643dcc89a8ac74ec5c6f&,46,,,FALSE,,,,,,,,,,,,,,,
YA SE FUE EL SANTO GRIAL DE CLASH! DIOS LOS BENDIAGA! YA SABEN LOS MAS CONFIABLES! ♥️ 🎃 @everyone,,YA SE FUE EL SANTO GRIAL DE CLASH! DIOS LOS BENDIAGA! YA SABEN LOS MAS CONFIABLES! ♥️ 🎃 @everyone,TENGOFE,Clash,,Clash,TRUE,active,,,,,,,,,,,,TRUE,,,,,,,,continue,,,FALSE,manual,https://cdn.discordapp.com/attachments/1393294722985885746/1429998223510212750/5fcd89d8-18e2-42f7-b44f-20b7a537aea7.jpg?ex=6923aea0&is=69225d20&hm=261a11a2f446fb1ac3fcf4e2d26157801a123fa90962ba11bcc423f01e9f7261&,47,,,FALSE,,,,,,,,,,,,,,,
YA SE VIENE EL NUEVO STOCK D CLASH! ENTREGAS INMEDIATAS! ACCESOS INMEDIATOS! 🎃 @everyone,,YA SE VIENE EL NUEVO STOCK D CLASH! ENTREGAS INMEDIATAS! ACCESOS INMEDIATOS! 🎃 @everyone,TENGOFE,Clash,,Clash,TRUE,active,,,,,,,,,,,,TRUE,,,,,,,,continue,,,FALSE,manual,https://cdn.discordapp.com/attachments/1393294722985885746/1429922695394492426/IMG_1081.png?ex=69236849&is=692216c9&hm=43fc36819bfb242820f26e21b24a7992debe8720ad1e7ad426e887afab041922&,48,,,FALSE,,,,,,,,,,,,,,,
VENGAN POR SU CUENTA DE CLASH! O VENGAN A VENDERLAS OFRECEMOS BIEN! @everyone,,VENGAN POR SU CUENTA DE CLASH! O VENGAN A VENDERLAS OFRECEMOS BIEN! @everyone,TENGOFE,Clash,,Clash,TRUE,active,,,,,,,,,,,,TRUE,,,,,,,,continue,,,FALSE,manual,https://cdn.discordapp.com/attachments/1393294722985885746/1428207340447858778/IMG_9375.png?ex=6923c23c&is=692270bc&hm=dc2e88501c9c475c194c6fcda004ffa383ced13a0a570ab729335d5008f2a3e2&,49,,,FALSE,,,,,,,,,,,,,,,
MAÑANA SE VIENE GRAN STOCK DE TODOS LOS JUEGOS! RECUERDEN QUE AL ADQUIRIR UNA CUENTA  EL MISMO DÍA LES DOY ACCESO 🧸 @everyone,,MAÑANA SE VIENE GRAN STOCK DE TODOS LOS JUEGOS! RECUERDEN QUE AL ADQUIRIR UNA CUENTA  EL MISMO DÍA LES DOY ACCESO 🧸 @everyone,TENGOFE,Clash,,Clash,TRUE,active,,,,,,,,,,,,TRUE,,,,,,,,continue,,,FALSE,manual,https://cdn.discordapp.com/attachments/1393294722985885746/1425399167597154335/IMG_6294.png?ex=69236e2c&is=69221cac&hm=83722510b5999369d487cb63515a0d0c9eab72de6ec6edb6163f8f7e8568f305&,50,,,FALSE,,,,,,,,,,,,,,,
64 TIKTOK! 46.3 MIL SEGUIDORES! Y 166.6k LIKES! BUENISIMA PARA HACER LIVES MONETIZAR Y SUBIR VIDEOS! (2449mx) @everyone,,64 TIKTOK! 46.3 MIL SEGUIDORES! Y 166.6k LIKES! BUENISIMA PARA HACER LIVES MONETIZAR Y SUBIR VIDEOS! (2449mx) @everyone,TENGOFE,TikTok,,TikTok,TRUE,active,,,,,,,,,2449,,,TRUE,,,,,,,,continue,,,FALSE,manual,https://cdn.discordapp.com/attachments/1393318889894449342/1440808518692245575/IMG_1437.jpg?ex=6923757f&is=692223ff&hm=70445c1a812c87ef55985e591f296158da238ba4349553f7b958ab2636cdf713&,51,,,FALSE,,,,,,,,,,,,,,,
62 TIKTOK! 22.4k SEGUIDORES! 78.9K LIKES! BUENISIMA PARA LIVES Y MONETIZAR (1899mx) ! @everyone,,62 TIKTOK! 22.4k SEGUIDORES! 78.9K LIKES! BUENISIMA PARA LIVES Y MONETIZAR (1899mx) ! @everyone,TENGOFE,TikTok,,TikTok,TRUE,active,,,,,,,,,1899,,,TRUE,,,,,,,,continue,,,FALSE,manual,https://cdn.discordapp.com/attachments/1393318889894449342/1440806945794556008/IMG_1432.jpg?ex=69237408&is=69222288&hm=caa57158e7789031b3321b9cf30e149b7a14314071660db2d98e7867ec17c96b&,52,,,FALSE,,,,,,,,,,,,,,,
09 GRIAL TIKTOK CON 526.7 MIL SEGUIDORES! 2.1MILLONES DE LIKES! MUCHÍSIMAS VISTAS Y TIENE PERMISOS PARA HACER LIVES! TAMBIÉN PUEDEN MONETIZAR! (OFRECER) @everyone 🔥,,09 GRIAL TIKTOK CON 526.7 MIL SEGUIDORES! 2.1MILLONES DE LIKES! MUCHÍSIMAS VISTAS Y TIENE PERMISOS PARA HACER LIVES! TAMBIÉN PUEDEN MONETIZAR! (OFRECER) @everyone 🔥,TENGOFE,TikTok,,TikTok,TRUE,active,,,,,,,,,,,,TRUE,,,,,,,,continue,,,FALSE,manual,https://cdn.discordapp.com/attachments/1393318889894449342/1438648036325589153/image-65.png?ex=69238264&is=692230e4&hm=280bac663ea435bbb29940ebe920149cb5559842580f24a37a0c78fa47030d12&,53,,,FALSE,,,,,,,,,,,,,,,
STOCK DE TIKTOK! APROVECHEN EL CASHBACK! @everyone,,STOCK DE TIKTOK! APROVECHEN EL CASHBACK! @everyone,TENGOFE,TikTok,,TikTok,TRUE,active,,,,,,,,,,,,TRUE,,,,,,,,continue,,,FALSE,manual,https://cdn.discordapp.com/attachments/1393318889894449342/1438647927768744058/IMG_0352.png?ex=6923824a&is=692230ca&hm=c450c7743920cc6f3775902bda5ab5a181c89bb281bfbab18d2e5b97ebd0c288&,54,,,FALSE,,,,,,,,,,,,,,,
JAJAJAJA mi gente un cliente me vendió su cuenta con 190 días de racha! al que la compre le mantiene la racha! @everyone,,JAJAJAJA mi gente un cliente me vendió su cuenta con 190 días de racha! al que la compre le mantiene la racha! @everyone,TENGOFE,TikTok,,TikTok,TRUE,active,,,,,,,,,,,,TRUE,,,,,,,,continue,,,FALSE,manual,https://cdn.discordapp.com/attachments/1393318889894449342/1424238020340744223/IMG_4739.png?ex=6923d205&is=69228085&hm=e371f0333f90e10aeec0e3f0fa32c5d79d023788f2c9588a9de4fe3456cdba4a&,55,,,FALSE,,,,,,,,,,,,,,,
MÁS TARDE NUEVO STOCK DE TIKTOK! FELICES CON SUS CUENTAS @everyone,,MÁS TARDE NUEVO STOCK DE TIKTOK! FELICES CON SUS CUENTAS @everyone,TENGOFE,TikTok,,TikTok,TRUE,active,,,,,,,,,,,,TRUE,,,,,,,,continue,,,FALSE,manual,https://cdn.discordapp.com/attachments/1393318889894449342/1415781594890895581/IMG_8958.png?ex=692360dc&is=69220f5c&hm=910419be6cc8de0429282ba9c202ea8398227bd4ca1065ef1f53827504d623a8&,56,,,FALSE,,,,,,,,,,,,,,,
59 BRAWL! CON 17893 COPAS! 78/96 BRAWLERS DESBLOQUEADOS! 13 BRAWLERS AL MÁXIMO! 7 BRAWLERS CON FUERZA MÁXIMA! HABILIDADES ESTELARES! GADGETS! 3 ASPECTOS LEGENDARIOS! 7 ASPECTOS DE HIPERCARGA!!! (579 MX) @everyone,,59 BRAWL! CON 17893 COPAS! 78/96 BRAWLERS DESBLOQUEADOS! 13 BRAWLERS AL MÁXIMO! 7 BRAWLERS CON FUERZA MÁXIMA! HABILIDADES ESTELARES! GADGETS! 3 ASPECTOS LEGENDARIOS! 7 ASPECTOS DE HIPERCARGA!!! (579 MX) @everyone,TENGOFE,Brawl Stars,,Brawl Stars,TRUE,active,,,,,,,,,579,,,TRUE,,,,,,,,continue,,,FALSE,manual,https://cdn.discordapp.com/attachments/1393294754187444294/1440812104180305920/Screenshot_2025-11-19-02-23-09-26_84eb1af3a729e5d540b6b78073938574.jpg?ex=692378d6&is=69222756&hm=9f656e2e93ac9f15cb58aea26ca64b547ed3c348699bc3b69e8731b2cc12a4b8&,57,,,FALSE,,,,,,,,,,,,,,,
56 CUENTA BRAWL CUENTA CON COPAS 27408! 83/96 BRAWLERS DESBLOQUEADOS! 17 BRAWLERS CON HIPERCARGA! 7 BRAWLERS CON FUERZA MÁXIMA! 1 ASPECTO LEGENDARIO Y UN ASPECTO DE HIPERCARGA! (549 MX) @everyone,,56 CUENTA BRAWL CUENTA CON COPAS 27408! 83/96 BRAWLERS DESBLOQUEADOS! 17 BRAWLERS CON HIPERCARGA! 7 BRAWLERS CON FUERZA MÁXIMA! 1 ASPECTO LEGENDARIO Y UN ASPECTO DE HIPERCARGA! (549 MX) @everyone,TENGOFE,Brawl Stars,,Brawl Stars,TRUE,active,,,,,,,,,549,,,TRUE,,,,,,,,continue,,,FALSE,manual,https://cdn.discordapp.com/attachments/1393294754187444294/1440810053576818739/Screenshot_2025-11-19-01-01-14-65_84eb1af3a729e5d540b6b78073938574.jpg?ex=692376ed&is=6922256d&hm=395f80eea7cf338d5fdbbb625ee0e7fb37cf19d8945a077cdb768d5f945ef892&,58,,,FALSE,,,,,,,,,,,,,,,
55 BRAWL CON 40675 COPAS! BUENÍSIMA PARA ESTRENAR LA TEMPORADA DE STRANGER THINGS! 14 BRAWLERS CON HIPERCARGA! 4 BRAWLERS CON FUERZA MÁXIMA! 6 ASPECTOS LEGENDARIOS! 4 ASPECTOS DE HIPERCARGA! HABILIDADES ESTELARES! 92 BRAWLERS DESBLOQUEADOS! (649 MX) @everyone,,55 BRAWL CON 40675 COPAS! BUENÍSIMA PARA ESTRENAR LA TEMPORADA DE STRANGER THINGS! 14 BRAWLERS CON HIPERCARGA! 4 BRAWLERS CON FUERZA MÁXIMA! 6 ASPECTOS LEGENDARIOS! 4 ASPECTOS DE HIPERCARGA! HABILIDADES ESTELARES! 92 BRAWLERS DESBLOQUEADOS! (649 MX) @everyone,TENGOFE,Brawl Stars,,Brawl Stars,TRUE,active,,,,,,,,,649,,,TRUE,,,,,,,,continue,,,FALSE,manual,https://cdn.discordapp.com/attachments/1393294754187444294/1440809236190986240/Screenshot_2025-11-19-00-53-22-42_84eb1af3a729e5d540b6b78073938574.jpg?ex=6923762a&is=692224aa&hm=17d122dcc17704a74bc7a8891d33fd20d61385b834e4a1931662ce0bdb58f4ae&,59,,,FALSE,,,,,,,,,,,,,,,
54 BRAWL! CON 30627 COPAS! 89/96 BRAWLERS DESBLOQUEADOS! 19 BRAWLERS CON HIPERCARGA! 9 BRAWLERS CON FUERZA MÁXIMA! GADGETS! HABILIDADES ESTELARES! 2 ASPECTOS LEGENDARIOS! 1 ASPECTO DE HIPERCARGA! CUENTA BUENÍSIMA PARA EMPEZAR A JUGAR! (1199mx) @everyone,,54 BRAWL! CON 30627 COPAS! 89/96 BRAWLERS DESBLOQUEADOS! 19 BRAWLERS CON HIPERCARGA! 9 BRAWLERS CON FUERZA MÁXIMA! GADGETS! HABILIDADES ESTELARES! 2 ASPECTOS LEGENDARIOS! 1 ASPECTO DE HIPERCARGA! CUENTA BUENÍSIMA PARA EMPEZAR A JUGAR! (1199mx) @everyone,TENGOFE,Brawl Stars,,Brawl Stars,TRUE,active,,,,,,,,,1199,,,TRUE,,,,,,,,continue,,,FALSE,manual,https://cdn.discordapp.com/attachments/1393294754187444294/1439351211542188102/IMG_0839.jpg?ex=69236e46&is=69221cc6&hm=3a0087905ec11a02ee0fed04ee82d305e7e0ceb85524a1d44be955d1772d1283&,60,,,FALSE,,,,,,,,,,,,,,,
53 BRAWL! CUENTA BUENÍSIMA PARA EMPEZAR CON 18140 COPAS! 5 BRAWLERS CON HIPERCARGA! 11 BRAWLERS CON FUERZA MÁXIMA! 1 ASPECTOS LEGENDARIO! 65/96 BRAWLERS ADQUIRIDOS! (399mx) @everyone,,53 BRAWL! CUENTA BUENÍSIMA PARA EMPEZAR CON 18140 COPAS! 5 BRAWLERS CON HIPERCARGA! 11 BRAWLERS CON FUERZA MÁXIMA! 1 ASPECTOS LEGENDARIO! 65/96 BRAWLERS ADQUIRIDOS! (399mx) @everyone,TENGOFE,Brawl Stars,,Brawl Stars,TRUE,active,,,,,,,,,399,,,TRUE,,,,,,,,continue,,,FALSE,manual,https://cdn.discordapp.com/attachments/1393294754187444294/1439351018319118416/IMG_0834.jpg?ex=69236e18&is=69221c98&hm=e2f99d78b94139afc3ffc7fe554617d8f017502b50069a29ae47a96b7472ffeb&,61,,,FALSE,,,,,,,,,,,,,,,
51 BRAWL! CON 29604 COPAS! 19 BRAWLERS CON HIPERCARGA Y GADGEDS! 12 BRAWLERS CON FUERZA MÁXIMA!! 1 SKIN LEGENDARIA! 2 SKIN DE HIPERCARGA!! 78/96 BRAWLERS DESBLOQUEADOS!!! 5624 GEMAS ESTELARES! (449mx) @everyone,,51 BRAWL! CON 29604 COPAS! 19 BRAWLERS CON HIPERCARGA Y GADGEDS! 12 BRAWLERS CON FUERZA MÁXIMA!! 1 SKIN LEGENDARIA! 2 SKIN DE HIPERCARGA!! 78/96 BRAWLERS DESBLOQUEADOS!!! 5624 GEMAS ESTELARES! (449mx) @everyone,TENGOFE,Brawl Stars,,Brawl Stars,TRUE,active,,,,,,,,,449,,,TRUE,,,,,,,,continue,,,FALSE,manual,https://cdn.discordapp.com/attachments/1393294754187444294/1439350668912492634/IMG_0815.jpg?ex=69236dc5&is=69221c45&hm=1a848ff6457fc5ef2d7f9a255e33542abdcd4d4d937aeed1f83e0912019262b2&,62,,,FALSE,,,,,,,,,,,,,,,
050 BRAWL! CON 45632 COPAS! 90/96 BRAWLERS DESBLOQUEADOS!!! 23 BRAWLERS CON HIPERCARGA!! Y 6 BRAWLERS CON FUERZA MÁXIMA! 3 ASPECTOS LEGENDARIOS! 4 ASPECTOS DE HIPERCARGA! GADGETS Y HABILIDADES ESTELARES!! (949 MX) @everyone,,050 BRAWL! CON 45632 COPAS! 90/96 BRAWLERS DESBLOQUEADOS!!! 23 BRAWLERS CON HIPERCARGA!! Y 6 BRAWLERS CON FUERZA MÁXIMA! 3 ASPECTOS LEGENDARIOS! 4 ASPECTOS DE HIPERCARGA! GADGETS Y HABILIDADES ESTELARES!! (949 MX) @everyone,TENGOFE,Brawl Stars,,Brawl Stars,TRUE,active,,,,,,,,,949,,,TRUE,,,,,,,,continue,,,FALSE,manual,https://cdn.discordapp.com/attachments/1393294754187444294/1438655407152304300/IMG-20251113-WA01821.jpg?ex=69238941&is=692237c1&hm=5c26e60e4ff93a4ee697970cbd23fc2a1bd2c6b29d4f2a523a9551889fd35e17&,63,,,FALSE,,,,,,,,,,,,,,,
049 BRAWL CON 42160 COPAS! 12 BRAWLERS CON HIPERCARGA! 20 BRAWLERS CON FUERZA MÁXIMA! 2 ASPECTOS LEGENDARIOS! 8 ASPECTOS DE HIPERCARGA! 89/96 BRAWLERS DESBLOQUEADOS!!! (1099 MX) @everyone,,049 BRAWL CON 42160 COPAS! 12 BRAWLERS CON HIPERCARGA! 20 BRAWLERS CON FUERZA MÁXIMA! 2 ASPECTOS LEGENDARIOS! 8 ASPECTOS DE HIPERCARGA! 89/96 BRAWLERS DESBLOQUEADOS!!! (1099 MX) @everyone,TENGOFE,Brawl Stars,,Brawl Stars,TRUE,active,,,,,,,,,1099,,,TRUE,,,,,,,,continue,,,FALSE,manual,https://cdn.discordapp.com/attachments/1393294754187444294/1438655080055312414/IMG-20251113-WA01731.jpg?ex=692388f4&is=69223774&hm=33c36ab6c6cce78660100fb358706323d15c50f16f58d0e9e1a5b6e8043ff731&,64,,,FALSE,,,,,,,,,,,,,,,
048 BRAWLERS! MINI GRIAL!!! 🏆 72221 COPAS! 55 BRAWLERS CON HIPERCARGA! 17 BRAWLERS CON FUERZA MÁXIMA! 6 ASPECTOS LEGENDARIOS! 3 ASPECTOS DE HIPERCARGA! HABILIDADES ESTELARES! (2299 MX) @everyone,,048 BRAWLERS! MINI GRIAL!!! 🏆 72221 COPAS! 55 BRAWLERS CON HIPERCARGA! 17 BRAWLERS CON FUERZA MÁXIMA! 6 ASPECTOS LEGENDARIOS! 3 ASPECTOS DE HIPERCARGA! HABILIDADES ESTELARES! (2299 MX) @everyone,TENGOFE,Brawl Stars,,Brawl Stars,TRUE,active,,,,,,,,,2299,,,TRUE,,,,,,,,continue,,,FALSE,manual,https://cdn.discordapp.com/attachments/1393294754187444294/1438653768248987740/IMG-20251109-WA0119.jpg?ex=692387bb&is=6922363b&hm=612f032044a450176f22c533d7e83811b570d4ab05e631ab8fd9a147f6e41e97&,65,,,FALSE,,,,,,,,,,,,,,,
046 BRAWL! 48273 COPAS! 45 BRAWLERS CON HIPERCARGA! 5 BRAWLERS CON FUERZA MÁXIMA! 6 ASPECTOS LEGENDARIOS! 7 ASPECTOS DE HIPERCARGA! MUCHOS GADGETS! 95/96 BRAWLERS DESBLOQUEADOS! (1499 MX) @everyone,,046 BRAWL! 48273 COPAS! 45 BRAWLERS CON HIPERCARGA! 5 BRAWLERS CON FUERZA MÁXIMA! 6 ASPECTOS LEGENDARIOS! 7 ASPECTOS DE HIPERCARGA! MUCHOS GADGETS! 95/96 BRAWLERS DESBLOQUEADOS! (1499 MX) @everyone,TENGOFE,Brawl Stars,,Brawl Stars,TRUE,active,,,,,,,,,1499,,,TRUE,,,,,,,,continue,,,FALSE,manual,https://cdn.discordapp.com/attachments/1393294754187444294/1438652894864871464/IMG-20251109-WA0100.jpg?ex=692386eb&is=6922356b&hm=42fbb84171ee833127b1df83bbf8dd4c92e8e8db30ee9fe6fa32b5ea98044546&,66,,,FALSE,,,,,,,,,,,,,,,
SE VIENE STOCK DE BRAWL PARA QUE JUEGUEN LA TEMPORADA DE STRANGER THINGS @everyone,,SE VIENE STOCK DE BRAWL PARA QUE JUEGUEN LA TEMPORADA DE STRANGER THINGS @everyone,TENGOFE,Brawl Stars,,Brawl Stars,TRUE,active,,,,,,,,,,,,TRUE,,,,,,,,continue,,,FALSE,manual,https://cdn.discordapp.com/attachments/1393294754187444294/1438649655100575956/IMG_0352.png?ex=692383e6&is=69223266&hm=ee93d59a2b2d7dca1ab1da21a713311c48641e77ffbf9a65c102b3ce5c0525ea&,67,,,FALSE,,,,,,,,,,,,,,,
030 BRAWL! GRIAAAAL 82250 COPAS! 43 BRAWLERS CON HIPERCARGA! 12 BRAWLERS CON FUERZA MÁXIMA! 95/95 BRAWLERS DESBLOQUEADOS!! 7997 GEMAS ESTELARES! 5 ATUENDOS LEGENDARIOS!! GADGETS Y HABILIDADES ESTELARES!! INCLUYE CUENTA CLASH CON 9000 COPAS! UNA CARTA ELITE! 3 CARTAS A NIVEL 14! 4 EVOLUTIVAS! 37 EMOTES! INSIGNIA DE LOS 7 AÑOS! (2899mx) @everyone,,030 BRAWL! GRIAAAAL 82250 COPAS! 43 BRAWLERS CON HIPERCARGA! 12 BRAWLERS CON FUERZA MÁXIMA! 95/95 BRAWLERS DESBLOQUEADOS!! 7997 GEMAS ESTELARES! 5 ATUENDOS LEGENDARIOS!! GADGETS Y HABILIDADES ESTELARES!! INCLUYE CUENTA CLASH CON 9000 COPAS! UNA CARTA ELITE! 3 CARTAS A NIVEL 14! 4 EVOLUTIVAS! 37 EMOTES! INSIGNIA DE LOS 7 AÑOS! (2899mx) @everyone,TENGOFE,Brawl Stars,,Brawl Stars,TRUE,active,,,,,,,,,2899,,,TRUE,,,,,,,,continue,,,FALSE,manual,https://cdn.discordapp.com/attachments/1393294754187444294/1437238317136744550/IMG_8219.jpg?ex=6923a77d&is=692255fd&hm=3a2e748108a8bb9f21684ee2679a718e886387695d325b80d4f1f6f234affe18&,68,,,FALSE,,,,,,,,,,,,,,,
034 BRAWL! 26 849 COPAS! 28 BRAWLS CON HYPERCARGA! 4 CON FUERZA MÁXIMA! 79/96 BRAWLERS! 2523 GEMAS ESTELARES! (699 MX) @everyone,,034 BRAWL! 26 849 COPAS! 28 BRAWLS CON HYPERCARGA! 4 CON FUERZA MÁXIMA! 79/96 BRAWLERS! 2523 GEMAS ESTELARES! (699 MX) @everyone,TENGOFE,Brawl Stars,,Brawl Stars,TRUE,active,,,,,,,,,699,,,TRUE,,,,,,,,continue,,,FALSE,manual,https://cdn.discordapp.com/attachments/1393294754187444294/1436844258471706727/IMG-20251106-WA0092.jpg?ex=692389fe&is=6922387e&hm=3fadee2e25d2e9778584be500e3184570ccb7d40d97c5f8fdcd590cf8d0e776e&,69,,,FALSE,,,,,,,,,,,,,,,
032 BRAWL CON 11552 COPAS! 6 BRAWLERS CON HIPERCARGA! 12 BRAWLERS CON FUERZA MÁXIMA! 66/95 BRAWLERS DESBLOQUEADOS! 6149 GEMAS ESTELARES! 4 ATUENDOS LEGENDARIOS DESBLOQUEADOS!!! (499 MX) @everyone,,032 BRAWL CON 11552 COPAS! 6 BRAWLERS CON HIPERCARGA! 12 BRAWLERS CON FUERZA MÁXIMA! 66/95 BRAWLERS DESBLOQUEADOS! 6149 GEMAS ESTELARES! 4 ATUENDOS LEGENDARIOS DESBLOQUEADOS!!! (499 MX) @everyone,TENGOFE,Brawl Stars,,Brawl Stars,TRUE,active,,,,,,,,,499,,,TRUE,,,,,,,,continue,,,FALSE,manual,https://cdn.discordapp.com/attachments/1393294754187444294/1436843847832436806/IMG-20251105-WA0293-1.jpg?ex=6923899c&is=6922381c&hm=fc8f684508dadc351f97030f3666409f96187f7e45f912e680af03b6d0d91c77&,70,,,FALSE,,,,,,,,,,,,,,,
028 BRAWL CON 35328 COPAS! 14 CARTAS CON FUERZA MÁXIMA! 15 CARTAS CON FUERZA MÁXIMA! HABILIDADES ESPECIALES! 3 ASPECTOS LEGENDARIOS!!! CUENTA PEQUEÑA PERO BUENÍSIMA PARA INICIAR!! (849 MX) @everyone,,028 BRAWL CON 35328 COPAS! 14 CARTAS CON FUERZA MÁXIMA! 15 CARTAS CON FUERZA MÁXIMA! HABILIDADES ESPECIALES! 3 ASPECTOS LEGENDARIOS!!! CUENTA PEQUEÑA PERO BUENÍSIMA PARA INICIAR!! (849 MX) @everyone,TENGOFE,Brawl Stars,,Brawl Stars,TRUE,active,,,,,,,,,849,,,TRUE,,,,,,,,continue,,,FALSE,manual,https://cdn.discordapp.com/attachments/1393294754187444294/1436843515110752266/IMG-20251105-WA0239-1.jpg?ex=6923894d&is=692237cd&hm=f48395ffa508b3300c0d5ae65d31f5de5e78bdc4d246da2f81b770ff0ce2a02b&,71,,,FALSE,,,,,,,,,,,,,,,
027 BRAWL CON 85203 COPAS! 72 BRAWLERS CON HIPERCARGA! 14 CARTAS CON FUERZA MÁXIMA! MUCHOS GADGETS! 10780 GEMAS ESTELARES! 5 SKINS LEGENDARIAS! (2999 MX) @everyone,,027 BRAWL CON 85203 COPAS! 72 BRAWLERS CON HIPERCARGA! 14 CARTAS CON FUERZA MÁXIMA! MUCHOS GADGETS! 10780 GEMAS ESTELARES! 5 SKINS LEGENDARIAS! (2999 MX) @everyone,TENGOFE,Brawl Stars,,Brawl Stars,TRUE,active,,,,,,,,,2999,,,TRUE,,,,,,,,continue,,,FALSE,manual,https://cdn.discordapp.com/attachments/1393294754187444294/1436843214957973609/IMG-20251105-WA0229-1.jpg?ex=69238905&is=69223785&hm=00939c03e8bb1d7622ba639ba75bab486fb374d2cf3bc6037a6f1198584d0a86&,72,,,FALSE,,,,,,,,,,,,,,,
026 BRAWL! 14 551 COPAS! 57/95 BRAWLS! 17 BRAWLS CON HYPERCARGA! 2 FUERZA MÁXIMA! VARIOS ATUENDOS DESBLOQUEADOS! 706 GEMAS ESTELARES! (349mx) @everyone,,026 BRAWL! 14 551 COPAS! 57/95 BRAWLS! 17 BRAWLS CON HYPERCARGA! 2 FUERZA MÁXIMA! VARIOS ATUENDOS DESBLOQUEADOS! 706 GEMAS ESTELARES! (349mx) @everyone,TENGOFE,Brawl Stars,,Brawl Stars,TRUE,active,,,,,,,,,349,,,TRUE,,,,,,,,continue,,,FALSE,manual,https://cdn.discordapp.com/attachments/1393294754187444294/1436842126704119878/IMG_6257-1.jpg?ex=69238802&is=69223682&hm=68bf93e17fc1efaf58a4e0474a1d761840f76eb5aef0575fba17d4e67fb0284e&,73,,,FALSE,,,,,,,,,,,,,,,
025 BRAWL! 33 803 COPAS! 15 BRAWLS CON HYPERCARGA! 4 BRAWLS FUERZA MÁXIMA! 79/95 BRAWLS! 2071 GEMAS ESTELARES! TIENE VARIOS BRAWLS CON TODOS SUS ATUENDOS! (549mx) @everyone,,025 BRAWL! 33 803 COPAS! 15 BRAWLS CON HYPERCARGA! 4 BRAWLS FUERZA MÁXIMA! 79/95 BRAWLS! 2071 GEMAS ESTELARES! TIENE VARIOS BRAWLS CON TODOS SUS ATUENDOS! (549mx) @everyone,TENGOFE,Brawl Stars,,Brawl Stars,TRUE,active,,,,,,,,,549,,,TRUE,,,,,,,,continue,,,FALSE,manual,https://cdn.discordapp.com/attachments/1393294754187444294/1436841598724997290/9643a238-b2b2-427c-b45a-c4cdb037a2e5-1.jpg?ex=69238784&is=69223604&hm=e3692a517f79b1a83a58c5f746adecc244633851e479f0aa9311a05c046f4d4a&,74,,,FALSE,,,,,,,,,,,,,,,
08 DE BRAWL STARS! CON 72/95 BRAWLERS! 9 BRAWLERS CON HIPERCARGA! 18 BRAWLERS CON FUERZA MÁXIMA! 21 902 COPAS! 2672 GEMAS ESTELARES! Y MUCHAS SKINS! (799mx) @everyone 🔥,,08 DE BRAWL STARS! CON 72/95 BRAWLERS! 9 BRAWLERS CON HIPERCARGA! 18 BRAWLERS CON FUERZA MÁXIMA! 21 902 COPAS! 2672 GEMAS ESTELARES! Y MUCHAS SKINS! (799mx) @everyone 🔥,TENGOFE,Brawl Stars,,Brawl Stars,TRUE,active,,,,,,,,,799,,,TRUE,,,,,,,,continue,,,FALSE,manual,https://cdn.discordapp.com/attachments/1393294754187444294/1436840707968073798/c8600d2d-64ef-4521-9236-d8240c4554b3-1.jpg?ex=692386af&is=6922352f&hm=452371b1b1f8de6d4db447348d1000d4e5981579fe2c44e089f41137e98a584b&,75,,,FALSE,,,,,,,,,,,,,,,
YA LLEGO LA COLABORACIÓN DE STRANGER THINGS POR BRAWL! MAÑANA TEMPRANO HABRÁ NUEVO STOCK PARA QUE ESTRENEN UNA CUENTITA! 🧸 @everyone,,YA LLEGO LA COLABORACIÓN DE STRANGER THINGS POR BRAWL! MAÑANA TEMPRANO HABRÁ NUEVO STOCK PARA QUE ESTRENEN UNA CUENTITA! 🧸 @everyone,TENGOFE,Brawl Stars,,Brawl Stars,TRUE,active,,,,,,,,,,,,TRUE,,,,,,,,continue,,,FALSE,manual,https://cdn.discordapp.com/attachments/1393294754187444294/1435903835271860334/IMG_6981.png?ex=692369e8&is=69221868&hm=d145f929438909611895288d41e0c598bf3119073756b81085efc1022cf0b5a9&,76,,,FALSE,,,,,,,,,,,,,,,
